<?xml version="1.0" encoding="utf-8"?>
<openerp>
  <data> 
      
    <record id="view_partner_form_inh" model="ir.ui.view">
            <field name="name">view.partner.form.inh</field>
            <field name="model">res.partner</field>
            <field name="inherit_id" ref="base.view_partner_form"/>
            <field name="arch" type="xml">
                
                <xpath expr='//form/sheet/div/h1/field[@name="name"]' position="before">
                    <field name="stockist_no" attrs="{'invisible': [('customer', '!=', True)]}"/>
                </xpath>
                
                <xpath expr='//form/sheet/notebook/page/group/group/field[@name="user_id"]' position="replace">
                    <field name="user_id" attrs="{'required': [('customer', '=', True)]}" domain="[('sale_manager', '=', False)]"/>
                </xpath>
                
                <xpath expr='//form/sheet/notebook/page/group/group/field[@name="user_id"]' position="after">
<!--
                    <field name="sales_officer_id" attrs="{'required': [('supplier', '=', False)], 'invisible': [('supplier', '=', True)]}"/>
-->
                    <field name="inl_executive_id" domain="[('sale_manager', '=', True)]" attrs="{'required': [('customer', '=', True)]}"/>
                    <field name="branch_transfer"/>
                    <field name="category_discount" groups="account.group_account_manager"/>
                </xpath>
                
<!--
                <xpath expr="//field[@name='is_company']" position="after">
					<label for="transporter_name" string="Is a Transporter?"/> <field name="transporter_name" class="oe_inline"/> 
				</xpath>
-->
                
                <xpath expr='//form/sheet/div/field[@name="category_id"]' position="attributes">
                    <attribute name="invisible">True</attribute>
                </xpath>
               
                <xpath expr='//form/sheet/notebook/page/group/group/field[@name="user_id"]' position="attributes">
                    <attribute name="string">Sales Representative</attribute>
                </xpath>
                
                <xpath expr='//form/sheet/div/field[@name="parent_id"]' position="after">
                    <field name="stockist_id" placeholder="Stockist Tag..." widget="selection" on_change="onchange_stockiest(stockist_id)" attrs="{'required': [('customer', '=', True)], 'invisible': [('customer', '!=', True)]}"/>
                </xpath>
                
                <field name="state_id" position="replace">
                    <field name="district_id" class="oe_no_button" placeholder="District..." style="width: 37%%" options='{"no_open": True}' on_change="onchange_district(district_id, state_id, country_id)" attrs="{'readonly': [('use_parent_address','=',True)],'required': [('customer', '=', True)]}"/>
                </field>
                
                <field name="country_id" position="before">
                    <field name="state_id" class="oe_no_button" placeholder="State" options='{"no_open": True}' on_change="onchange_state(state_id)" attrs="{'readonly': [('use_parent_address','=',True)]}"/>
                </field>
                
                <field name="property_payment_term" position="attributes">
                    <attribute name="attrs">{'required': [('customer','=',True)], 'invisible': [('customer','=',False)]}</attribute>
                </field>
                
                <field name="property_supplier_payment_term" position="attributes">
                    <attribute name="attrs">{'required': [('supplier','=',True)], 'invisible': [('supplier','=',False)]}</attribute>
                </field>
                
                <field name="property_supplier_payment_term" position="after">
                    <field name="credit_note"/>
                </field>
                <field name="title" position="after">
                    <field name="tin_vat_no" attrs="{'required': [('customer', '=', True)]}"/>
                    <field name="cin_no"/>
                    <field name="cst_no"/>
                    <field name="pan_no"/>
                </field>
                
                <field name="property_supplier_payment_term" position="attributes">
                    <attribute name="attrs">{'required': [('supplier','=',True)]}</attribute>
                </field>
                
                <page string="Accounting" position="after">
                    <page string="Post Dated Cheque/DD">
                        <field name="post_cheque_line">
                            <tree string="Post Date Cheque" editable="bottom">
                                <field name="type" context="{'type':'dd'}"/>
                                <field name="chk_type"/>
                                <field name="name"/>
                                <field name="company_id" groups="base.group_multi_company" widget="selection"/>
                                <field name="bank_name"/>
                                <field name="branch_name"/>
                                <field name="issue_date"/>
                                <field name="amount"/>
                                <field name="state"/>
                            </tree>
                        </field>
                    </page>
                </page>
                
            </field>
    </record>
        
    <record id="view_company_form_inh" model="ir.ui.view">
            <field name="name">view.company.form.inh</field>
            <field name="model">res.company</field>
            <field name="inherit_id" ref="base.view_company_form"/>
            <field name="arch" type="xml">
                
               
                <field name="company_registry" position="after">
                    <field name="tin_no" placeholder="TIN NO..."/>
                    <field name="cst_no" placeholder="CST NO..."/>
                </field>
                
            </field>
    </record>
    
    
    <!-- Post Date Cheque -->
    
     <record id="view_post_date_cheque_form" model="ir.ui.view">
            <field name="name">view.post.date.cheque.form</field>
            <field name="model">post.date.cheque</field>
            <field name="arch" type="xml">
                <form string="Post Date Cheque">
                    <header>
                        <field name="state" widget="statusbar" statusbar_visible="open,progress,done"/>
                    </header>
                    <sheet>
                        <group>
                            <group>
                                <field name="name"/>
                                <field name="cheque_id"/>
                                <field name="type"/>
                                <field name="chk_type"/>
                                <field name="issue_date"/>
                                <field name="expiry_date"/>
                                <field name="company_id" groups="base.group_multi_company"/>
                            </group>
                            <group>
                                <field name="bank_name"/>
                                <field name="branch_name"/>
                                <field name="amount"/>
                            </group>
                        </group>
                     </sheet>
                 </form>
           </field>
       </record>
       
      <record id="view_post_date_cheque_tree" model="ir.ui.view">
            <field name="name">view.post.date.cheque.tree</field>
            <field name="model">post.date.cheque</field>
            <field name="arch" type="xml">
                <tree string="Post Date Cheque">
                    <field name="cheque_id"/>
                    <field name="name"/>
                    <field name="type"/>
                    <field name="issue_date"/>
                    <field name="expiry_date"/>
                    <field name="bank_name"/>
                    <field name="branch_name"/>
                    <field name="amount"/>
                    <field name="state"/>
                 </tree>
           </field>
       </record>
      
        
       
       <record id="action_view_post_date_cheque" model="ir.actions.act_window">
            <field name="name">Post Date Cheque</field>
            <field name="res_model">post.date.cheque</field>
            <field name="view_type">form</field>
            <field name="view_mode">tree,form</field>
            <field name="context">{}</field>
            <field name="view_id" ref="view_post_date_cheque_tree"/>
            <field name="help" type="html">
                <p class="oe_view_nocontent_create">
                    Click here to define a Post Date Cheque.
                </p><p>
                    Create Post Date Cheque
                </p>
            </field>
        </record> 
     
     <menuitem action="action_view_post_date_cheque"
               id="menu_post_date_cheque" 
               name="Post Date Cheque"
               groups="base.group_sale_manager"
               parent="menu_apex_master" 
               sequence="3"/>
     
     <menuitem id="menu_sale_master"
               name="Sales Activity"
               parent="base.menu_base_partner"
               sequence="9"/>
    
    <!-- User Inherit -->
    
      
    <record id="view_user_form_inh" model="ir.ui.view">
            <field name="name">view.user.form.inh</field>
            <field name="model">res.users</field>
            <field name="inherit_id" ref="base.view_users_form"/>
            <field name="arch" type="xml">
                <field name="default_section_id" position="after">
                    <field name="sale_manager"/>
                </field>
            </field>
    </record>
        
      
  </data>          
</openerp>


