<?xml version="1.0" encoding="utf-8"?>
<openerp>
  
<data noupdate="0">
	<record id="group_sale_entry" model="res.groups">
        <field name="name">Sales Entry</field>
        <field name="category_id" ref="base.module_category_hidden"/>
    </record>

<!--
		<record id="group_sale_entries" model="ir.module.category">
			<field name="name">Sale Entry</field>
			<field name="sequence" eval="1"/>
		</record>

		<record id="group_sale_entries_manager" model="res.groups">
			<field name="name">Manager</field>
			<field name="category_id" ref="fnet_aea_sale.group_sale_entries"/>
				<field name="implied_ids" eval="[(4,ref('base.group_user'))]"/>
		</record>
-->
<!--

        <record model="ir.rule" id="group_company_sale_budget_dashboard">
            <field name="name">Sales Dashboard Record Rule</field>
            <field name="model_id" ref="fnet_brs.model_fnet_brs"/>
            <field name="domain_force">[('company_id', '=', user.company_id.id)]</field>
		   <field name="groups" eval="[(4,ref('fnet_companywise_sale_budget_dashboard.sale_analysis_view'))]"/>
        </record>
-->
</data>
</openerp>
