<?xml version="1.0" encoding="utf-8"?>
<openerp>
    <data noupdate="1">

        <record id="brs_seq_code_type" model="ir.sequence.type">
            <field name="name">Day Wise BRS Sequence</field>
            <field name="code">brs.seq.code</field>
        </record>
        <record id="brs_seq_code" model="ir.sequence">
            <field name="name">Day Wise BRS Sequence</field>
            <field name="code">brs.seq.code</field>
            <field name="prefix">BRS/17-18/</field>
            <field name="padding">5</field>
        </record>


    </data>
</openerp>
