<?xml version="1.0" encoding="utf-8"?>
<openerp>
    <data>
<!--
        <record id="hr_contract_view_form" model="ir.ui.view">
            <field name="name">hr.contract.view.form</field>
            <field name="model">hr.contract</field>
            <field name="inherit_id" ref="hr_contract.hr_contract_view_form"/>
            <field name="arch" type="xml">
                   <field name="trial_date_start" position="replace">
                             <field name="trial_date_start" class="oe_inline" on_change="onchange_trial_date_start(trial_date_start)"/>
                   </field>
            </field>
            </record>
-->
         <record id="hr_contract.hr_contract_view_form" model="ir.ui.view">
            <field name="name">hr.contract.view.form</field>
            <field name="model">hr.contract</field>
            <field name="arch" type="xml">
                <form string="Contract">
                    <sheet>
                    <div class="oe_title">
                        <label for="name" class="oe_edit_only"/>
                        <h1>
                            <field name="name" placeholder="Contract Reference"/>
                        </h1>
                    </div>
                    <group>
                        <group>
                            <field name="employee_id" on_change="onchange_employee_id(employee_id)"/>
                            <field name="job_id"/>
                        </group>
                        <group>
                            <field name="type_id"/>
                        </group>
                    </group>
                    <notebook>
                        <page string="Information" name="information">
                            <group>
                                <group name="salary_and_advantages" string="Salary and Advantages">
                                    <field name="wage"/>
                                    <field name="advantages" nolabel="1" placeholder="Advantages..." colspan="2"/>
                                </group>
                                <group name="duration_group" string="Duration">
                                    <label for="date_start" string="Date Of Joining"/>
                                    <div>
                                        <field name="date_start" on_change="onchange_date_start(date_start)" class="oe_inline"/> - <field name="date_end"   class="oe_inline"/>
                                    </div>
                                    <label for="trial_date_start" string="Probation Period Duration"/>
                                    <div>
                                        <field name="trial_date_start" required="1" class="oe_inline" on_change="onchange_trial_date_start(trial_date_start)"/> - <field name="trial_date_end" required="1" class="oe_inline"/>
                                    </div>                                    
                                    <field name="working_hours"/>
                                </group>
                            </group>
                            <separator string="Notes"/>
                            <field name="notes"/>
                        </page>
                        <page string="Work Permit">
                            <group col="4">
                                <field name="visa_no"/>
                                <field name="permit_no"/>
                                <field name="visa_expire"/>
                            </group>
                        </page>
                    </notebook>
                    </sheet>
                </form>
            </field>
        </record>            
            
            
    </data>
</openerp>
