<?xml version="1.0" encoding="utf-8"?>
<openerp>
    <data noupdate="1">
        <record id="seq_type_general" model="ir.sequence.type">
            <field name="name">General Payroll</field>
            <field name="code">mline.general</field>
        </record>
        <!-- Sequences for account.invoice -->
        <record id="seq_mline_general" model="ir.sequence">
            <field name="name">Payslip General Category</field>
            <field name="code">mline.general</field>
            <field name="prefix">SLIP/GEN/</field>
            <field name="padding">4</field>
            <field name="company_id" eval="False"/>
        </record>
        <record id="seq_type_payroll_vl" model="ir.sequence.type">
            <field name="name">Vacation Payroll</field>
            <field name="code">mline.vacation</field>
        </record>
        <!-- Sequences for account.invoice -->
        <record id="seq_mline_vl" model="ir.sequence">
            <field name="name">Payslip Vacation Category</field>
            <field name="code">mline.vacation</field>
            <field name="prefix">SLIP/VL/</field>
            <field name="padding">4</field>
            <field name="company_id" eval="False"/>
        </record>        
        <record id="seq_type_payroll_lvl" model="ir.sequence.type">
            <field name="name">Vacation Payroll</field>
            <field name="code">mline.long_vacation</field>
        </record>
        <!-- Sequences for account.invoice -->
        <record id="seq_mline_lvl" model="ir.sequence">
            <field name="name">Payslip Vacation Category</field>
            <field name="code">mline.long_vacation</field>
            <field name="prefix">SLIP/LVL/</field>
            <field name="padding">4</field>
            <field name="company_id" eval="False"/>
        </record> 
    

    </data>
</openerp>

