<?xml version="1.0" encoding="utf-8"?>
<openerp>
  <data>	   
	  <record model="ir.ui.view" id="manpower_inherit_account_move_line">
            <field name="name">manpower.inherit.account.move.line</field>
            <field name="model">account.move</field>
            <field name="inherit_id" ref="account.view_move_form"/>
            <field name="arch" type="xml">
				<xpath expr="/form/notebook/page[@string='Journal Items']/field/tree//field[@name='name']" position='before'>
					<field name="bill_no" string="Bill No"/>
				</xpath>
				<xpath expr="/form/notebook/page[@string='Journal Items']/field/tree//field[@name='name']" position='attributes'>
					<attribute name="string">Description</attribute>
				</xpath>
				<xpath expr="/form/group/group//field[@name='ref']" position='after'>
					<field name="bvp_no"/>
				</xpath>
				<xpath expr="/form/group/group//field[@name='period_id']" position='after'>
					<field name="paid_to"/>
					<field name="vendor_code"/>
				</xpath>				
	        </field>
	   </record>
	   
	   <record model="ir.ui.view" id="mancustomer_inherit_account_voucher">
            <field name="name">manpowers.inherit.account.voucher</field>
            <field name="model">account.voucher</field>
            <field name="inherit_id" ref="account_voucher.view_vendor_receipt_form"/>
            <field name="arch" type="xml">
				<xpath expr="/form/sheet/group/group//field[@name='name']" position='attributes'>
					<attribute name="string">Customer Code</attribute>
				</xpath>
				
				<xpath expr="/form/sheet/group/group//field[@name='partner_id']" position='before'>
					<field name="vendor_code"/>
				</xpath>
				
				<xpath expr="/form/sheet/group/group//field[@name='journal_id']" position='after'>
					<field name="bvp_no"/>
				</xpath>
				
				<xpath expr="/form/sheet/group/group//field[@name='reference']" position='attributes'>
					<attribute name="string">RV No</attribute>
				</xpath>
	        </field>
	   </record>
	   
	   <record model="ir.ui.view" id="manpowercc_inherit_account_voucher">
            <field name="name">manpower.inherit.account.voucher</field>
            <field name="model">account.voucher</field>
            <field name="inherit_id" ref="account_voucher.view_vendor_payment_form"/>
            <field name="arch" type="xml">				
				<field name='journal_id' position='after'>
					<field name="bvp_no"/>
				</field>
	        </field>
	   </record>	 
	     
	   <record model="ir.ui.menu" id="account.menu_action_invoice_tree3">
		  <field name="name">Credit Note</field>
		</record>
		
		<record model="ir.ui.menu" id="account.menu_action_invoice_tree4">
		  <field name="name">Debit Note</field>
		</record>
		
<!--
		<record model="ir.ui.menu" id="account_voucher.menu_action_vendor_payment">
		  <field name="name">Supplier Payments</field>
		</record>
-->
		
		<record model="ir.ui.menu" id="account_voucher.menu_action_vendor_receipt">
		  <field name="name">Customer Reciept</field>
		</record>

  </data>          
</openerp>
