<?xml version="1.0" encoding="utf-8"?>
<openerp>
  
<data noupdate="0">
    <!-- Multi - Company Rules -->

    <record model="ir.rule" id="stockist_type_rule">
        <field name="name">Stokist Type multi-company</field>
        <field name="model_id" ref="model_stockist_type"/>
        <field name="global" eval="True"/>
        <field name="domain_force">['|',('company_id','=',False),('company_id','child_of',[user.company_id.id])]</field>
    </record>

    <record model="ir.rule" id="district_rule">
        <field name="name">District multi-company</field>
        <field name="model_id" ref="model_res_country_district"/>
        <field name="global" eval="True"/>
        <field name="domain_force">['|',('company_id','=',False),('company_id','child_of',[user.company_id.id])]</field>
    </record>
    
    <record model="ir.rule" id="crm_lead_rule">
        <field name="name">CRM Lead multi-company</field>
        <field name="model_id" ref="crm.model_crm_lead"/>
        <field name="global" eval="True"/>
        <field name="domain_force">['|',('company_id','=',False),('company_id','child_of',[user.company_id.id])]</field>
    </record>
    
    <record model="ir.rule" id="crm_case_section_rule">
        <field name="name">Sales Team multi-company</field>
        <field name="model_id" ref="model_crm_case_section"/>
        <field name="global" eval="True"/>
        <field name="domain_force">['|',('company_id','=',False),('company_id','child_of',[user.company_id.id])]</field>
    </record>
    
    <record model="ir.rule" id="cheque_details_rule">
        <field name="name">Cheque Details multi-company</field>
        <field name="model_id" ref="model_cheque_details"/>
        <field name="global" eval="True"/>
        <field name="domain_force">['|',('company_id','=',False),('company_id','child_of',[user.company_id.id])]</field>
    </record>
    
    <record model="ir.rule" id="cheque_details_line_rule">
        <field name="name">Cheque Details Line multi-company</field>
        <field name="model_id" ref="model_cheque_details_line"/>
        <field name="global" eval="True"/>
        <field name="domain_force">['|',('company_id','=',False),('company_id','child_of',[user.company_id.id])]</field>
    </record>
    
    <record model="ir.rule" id="lorry_receipt_rule">
        <field name="name">Lorry Receipt multi-company</field>
        <field name="model_id" ref="model_lorry_receipt"/>
        <field name="global" eval="True"/>
        <field name="domain_force">['|',('company_id','=',False),('company_id','child_of',[user.company_id.id])]</field>
    </record>
    
     <record model="ir.rule" id="product_category_rule">
        <field name="name">Product Category multi-company</field>
        <field name="model_id" ref="model_product_category"/>
        <field name="global" eval="True"/>
        <field name="domain_force">['|',('company_id','=',False),('company_id','child_of',[user.company_id.id])]</field>
    </record>
    
     <record model="ir.rule" id="post_date_cheque_rule">
        <field name="name">Post Date Cheque multi-company</field>
        <field name="model_id" ref="model_post_date_cheque"/>
        <field name="global" eval="True"/>
        <field name="domain_force">['|',('company_id','=',False),('company_id','child_of',[user.company_id.id])]</field>
    </record>
    

   

</data>
</openerp>
