<?xml version="1.0" encoding="utf-8"?>
<openerp>
    <data>	
	        <record model="ir.ui.view" id="timesheet_sheet_attendance_form_inheritsss">
            <field name="name">hr.timesheet.sheet.inherit</field>
            <field name="model">hr_timesheet_sheet.sheet</field>
            <field name="inherit_id" ref="hr_timesheet_sheet.hr_timesheet_sheet_form"/>            
            <field name="arch" type="xml">
		    <xpath expr="//page[@string='Attendances']/group/field/tree/field[@name='name']" position="replace">
				<field name="date"/>
			</xpath>
			<xpath expr="//page[@string='Attendances']/group/field/tree/field[@name='action']" position="replace">
				<field name="sign_in"/>
				<field name="sign_out"/>
				<field name="worked_hours"/>
			</xpath>
		    </field>
            </record>
	</data>
</openerp>
