<?xml version="1.0" encoding="utf-8"?>
<openerp>
  <data> 
      
    <record id="view_hr_contract_inherit_view" model="ir.ui.view">
            <field name="name">hr.contract</field>
            <field name="model">hr.contract</field>
            <field name="inherit_id" ref="hr_contract.hr_contract_view_form"/>
            <field name="arch" type="xml">
				<xpath expr='//form/sheet/notebook/page[@string="Work Permit"]' position="after">
                    <page string="Deductions">
						<group>
							<group string="Deduction">
								<field name="advance_amount"/>
								<field name="monthly_deduction"/>
								<field name="payment_term"/>
								<field name="lunch_expense"/>
								<field name="tax_deuduction"/>
								<field name="other_deduction_1"/>
								<field name="other_deduction_2"/>
							</group>
						</group>
                    </page>
                </xpath>
				<xpath expr='//form/sheet/notebook/page[@name="information"]/group/group//field[@name="wage"]' position="after">
					<field name="hra"/>
					<field name="special_allowance"/>
					<field name="convance"/>
					<field name="leave_allowance"/>
					<field name="medical_allowance"/>
                </xpath>
            </field>
    </record>
    
    <record id="view_hr_payslip_inherit_view" model="ir.ui.view">
            <field name="name">hr.payslip</field>
            <field name="model">hr.payslip</field>
            <field name="inherit_id" ref="hr_payroll.view_hr_payslip_form"/>
            <field name="arch" type="xml">
				<xpath expr='//form/sheet/notebook/page[@string="Accounting Information"]/group/group/field[@name="payslip_run_id"]' position="after">
					<field name="lop" invisible='1'/>
					<field name="no_of_days" invisible='1'/>
                </xpath>
            </field>
    </record>
    
    <record id="view_hr_employee_inherit_view" model="ir.ui.view">
            <field name="name">hr.employee</field>
            <field name="model">hr.employee</field>
            <field name="inherit_id" ref="hr.view_employee_form"/>
            <field name="arch" type="xml">
				<xpath expr='//form/sheet/notebook/page[@string="Personal Information"]/group/group[@string="Contact Information"]' position="after">
					<group>
					<group string="Info">
						<group>
						<field name="emp_code"/>
						<field name="tkn_no"/>
						<field name="pf_no"/>
						<field name="esi_no"/>
						<field name="uan_no"/>
						<field name="aadhar_no"/>
						<field name="pan_no"/>
						<field name="doj"/>
						</group>
					</group>
					</group>
                </xpath>
				<xpath expr='//form/sheet/notebook/page[@string="Personal Information"]/group/group[@string="Contact Information"]/field[@name="address_home_id"]' position="after">
					<field name='father_name'/>
			                       <label for="off_street" string="Address"/>
                                    <div>
                                        <field name="emp_street"/>
                                        <field name="emp_street1"/>
                                        <div>
                                            <field name="emp_city" style="width: 40%%"/>
                                            <field name="emp_state" style="width: 24%%"/>
                                            <field name="emp_zip" style="width: 34%%"/>
                                        </div>
                                        <field name="emp_country"/>                                       
                                    </div>						
                </xpath>
            </field>
    </record>    
        
      
  </data>          
</openerp>
