<?xml version="1.0" encoding="utf-8"?>
<openerp>
  <data> 
    <record model="ir.ui.view" id="view_product_category_form_multi">
           <field name="name">view.product.category.form</field>
            <field name="model">product.category</field>
            <field name="inherit_id" ref="product.product_category_form_view"/>
             <field name="arch" type="xml">                
                 <field name="parent_id" position="before">
                     <field name="company_id" groups="base.group_multi_company"/>
                 </field>
             </field>
        </record>
  </data>          
</openerp>
