<?xml version="1.0" encoding="utf-8"?>
<openerp>
  
<data noupdate="0">
		<record id="group_brs_analysis" model="ir.module.category">
			<field name="name">BRS</field>
			<field name="sequence" eval="1"/>
		</record>

		<record id="group_brs_manager" model="res.groups">
			<field name="name">Manager</field>
			<field name="category_id" ref="fnet_brs.group_brs_analysis"/>
				<field name="implied_ids" eval="[(4,ref('base.group_user'))]"/>
		</record>
<!--

        <record model="ir.rule" id="group_company_sale_budget_dashboard">
            <field name="name">Sales Dashboard Record Rule</field>
            <field name="model_id" ref="fnet_brs.model_fnet_brs"/>
            <field name="domain_force">[('company_id', '=', user.company_id.id)]</field>
		   <field name="groups" eval="[(4,ref('fnet_companywise_sale_budget_dashboard.sale_analysis_view'))]"/>
        </record>
-->
</data>
</openerp>
