<?xml version="1.0" encoding="utf-8"?>
<openerp>
    <data>
            <record id="view_move_line_tree_balances" model="ir.ui.view">
            <field name="name">account.move.line.tree</field>
            <field name="model">account.move.line</field>
            <field eval="1" name="priority"/>
            <field name="inherit_id" ref="account.view_move_line_tree"/>
            <field name="arch" type="xml">
				<xpath expr="//field[@name='credit']" position="after">
					<field name="bal_tree_view" sum ="Total Balance"/>
				</xpath>
				</field>
				</record>
		    <record id="view_account_move_line_filter_date" model="ir.ui.view">
            <field name="name">Journal Items</field>
            <field name="model">account.move.line</field>
            <field name="inherit_id" ref="account.view_account_move_line_filter"/>
            <field name="arch" type="xml">
								<xpath expr="//search"  position="inside">
					<filter string="Date"  domain="[]" context="{'group_by':'date:day'}"/>
				</xpath>
			</field>
			</record>	
				
    </data>
</openerp>
