<?xml version="1.0" encoding="utf-8"?>
<openerp>
  <data>
        
        <!-- CRM Opportunity Form inherit View -->
      <record model="ir.ui.view" id="crm_oppor_form_inherit">
            <field name="name">crm.oppor.form.inherit</field>
            <field name="model">crm.lead</field>
            <field name="inherit_id" ref="crm.crm_case_form_view_oppor"/>
            <field name="arch" type="xml">
				
				<field name="partner_id" position='replace'>
				   <field name="partner_id"
                    on_change="on_change_partner_id(partner_id)"
                    string="Customer"
                    domain="[('customer','=',True)]"
                    context="{'default_name': partner_name, 'default_email': email_from, 'default_phone': phone}"/>
				</field>
				
				<field name="stage_id" position='replace'>
                   <field name="stage_id" widget="statusbar" clickable="True"
						domain="['&amp;', '|', ('case_default', '=', True), ('section_ids', '=', section_id), '|', ('type', '=', type), ('type', '=', 'both')]"
						options="{'fold_field': 'fold'}"
						on_change="onchange_stage_id(stage_id)"/>
                </field>
                
				<xpath expr="//form/header/button[@name='case_mark_lost']" position='after'>
					<button name="create_rfq" string="Call for Bid" type="object" class="oe_highlight"/>
				</xpath>
				
				
                <xpath expr="//form/sheet/div/label[@for='name']" position="before">
					<label for="seq_no" class="oe_edit_only"/>
                     <h1><field name="seq_no"/></h1>
                </xpath>
                
                <field name="date_deadline" position="before">
					<field name="client_order_ref" attrs="{'required':[('type','=','opportunity')]}"/>
					<field name="state" widget="selection" invisible="1"/>
					<field name="date"/>
					<field name="submission_date"/>
				</field>
				
				<xpath expr="//form/sheet/notebook/page[@string='Internal Notes']" position="before">
                      <page string="Product">
						  <field name="product_line" >
							  <tree string="Product Lines" editable="bottom">
								  <field name="item_no"/>
								  <field name="advanced" on_change="advanced_change(advanced, product_id)"/>
								  <field name="product_id" on_change="product_id_change(product_id, description, uom_id)"/>
								  <field name="description"/>
								  <field name="part_no"/>
								  <field name="make_no"/>
							      <field name="uom_id"/>
								  <field name="quantity"/>
						      </tree>
						  </field>
						
				      </page>				
				</xpath>
            </field>
        </record>
        
        <!--CRM LEAD FORM VIEW-->
         <record model="ir.ui.view" id="crm_lead_form_inherit">
            <field name="name">crm.lead.form.inherit</field>
            <field name="model">crm.lead</field>
            <field name="inherit_id" ref="crm.crm_case_form_view_leads"/>
            <field name="arch" type="xml">
				<field name="user_id" postion="after">
					<field name="lead" invisible='1'/>
					<field name="client_order_ref" invisible='1'/>
				</field>
			</field>
		</record>
				
				
				
             <!-- CRM Lead Tree inherit View -->
        <record model="ir.ui.view" id="crm_oppor_tree_inherit">
            <field name="name">crm.oppor.tree.inherit</field>
            <field name="model">crm.lead</field>
            <field name="inherit_id" ref="crm.crm_case_tree_view_oppor"/>
            <field name="arch" type="xml">
				<field name="create_date" position="after">
					<field name="seq_no"/>
				</field>
			</field>
		</record>
		
		<record model="ir.ui.menu" id="crm.menu_crm_opportunities">
            <field name="name">Enquiry</field>
        </record>
		    
		     <!-- CRM Lead search inherit View -->
        <record model="ir.ui.view" id="crm_oppor_search_inherit">
            <field name="name">crm.oppor.search.inherit</field>
            <field name="model">crm.lead</field>
            <field name="inherit_id" ref="crm.view_crm_case_leads_filter"/>
            <field name="arch" type="xml">
				<xpath expr="//filter[@string='My Leads']" position="after">
					<filter string="seq_no" domain="[]" context="{'group_by':'seq_no'}"/>
				</xpath>
			</field>
		</record>
        <record model="ir.ui.view" id="crm_oppor_partner_search_inherit">
            <field name="name">crm.oppor.search.inherit</field>
            <field name="model">crm.lead</field>
            <field name="inherit_id" ref="crm.view_crm_case_opportunities_filter"/>
            <field name="arch" type="xml">
				<xpath expr="//filter[@string='Salesperson']" position="before">
					<filter string="Customers" domain="[]" context="{'group_by':'partner_id'}"/>
				</xpath>
			  <field name="name" position="before">
				<field name="seq_no" string="Enquiry" filter_domain="[('seq_no','ilike',self)]"/>
				</field>
			</field>
		</record>		      
		       <!-- CRM Lead kanban inherit View -->
        <record model="ir.ui.view" id="crm_oppor_kanban_inherit">
            <field name="name">crm.oppor.kanban.inherit</field>
            <field name="model">crm.lead</field>
            <field name="inherit_id" ref="crm.crm_case_kanban_view_leads"/>
            <field name="arch" type="xml">
				<field name="name" position="before">
					<div t-attf-class="oe_kanban_color_#{kanban_getcolor(record.color.raw_value)} oe_kanban_card oe_kanban_global_click">
					<div>
					   <span t-attf-class="#{red || ''}"><field name="seq_no"/></span>
					</div>
					</div>
				</field>
			</field>
		</record>
              <!-- Link for RFQ -->
        <act_window
            domain="[('lead_seq_id', '=', active_id)]"
            context="{'default_lead_id': active_id}"
            id="act_lead_pur_call_fro_bid"
            name="Call for Bid"
            res_model="purchase.requisition"
            src_model="crm.lead"/>

  </data>          
</openerp>
 
