<?xml version="1.0" encoding="utf-8"?>
<openerp>
  <data>
	  
	   <record model="ir.ui.view" id="invoice_inherit_lead">
            <field name="name">invoice.inherit.lead</field>
            <field name="model">account.invoice</field>
            <field name="inherit_id" ref="account.invoice_supplier_form"/>
            <field name="arch" type="xml">
				
				<field name="currency_id" position='after'>
				   <field name="lead_id"/>
				   <field name="is_cash"/>
				</field>
	        </field>
	   </record>
	   
	   <record model="ir.ui.view" id="invoice_inherit_form">
            <field name="name">invoice.inherit.form</field>
            <field name="model">account.invoice</field>
            <field name="inherit_id" ref="account.invoice_form"/>
            <field name="arch" type="xml">
				<xpath expr="/form/sheet/group/group//field[@name='account_id']" position='after'>
					<field name="lp_no"/>
					<field name="customer_po"/>
				</xpath>
				<xpath expr="/form/sheet/group/group//field[@name='fiscal_position']" position='after'>
					<field name="res_bank_id"/>
					<field name="lpo_no"/>
				</xpath>
				<xpath expr="//div[1]" position='after'>
				   <label for="is_cash"/>
				   <div><field name="is_cash"/></div>
				</xpath>	
				
				<xpath expr="/form/sheet/notebook/page/field[@name='invoice_line']/tree/field[@name='price_unit']" position="before">
                    <field name="uom"/>
                </xpath>
				<xpath expr="/form/sheet/notebook/page/field[@name='invoice_line']/tree/field[@name='product_id']" position="before">
                    <field name="item_no"/>
                </xpath>
	        </field>
	   </record>

	   <record model="ir.ui.view" id="supplier_invoice_inherit_form">
            <field name="name">supplier.invoice.inherit.form</field>
            <field name="model">account.invoice</field>
            <field name="inherit_id" ref="account.invoice_supplier_form"/>
            <field name="arch" type="xml">
				<xpath expr="/form/sheet/notebook/page/field[@name='invoice_line']/tree/field[@name='product_id']" position="before">
                    <field name="item_no"/>
                </xpath>
	        </field>
	   </record>	   
	   
	  <record model="ir.ui.view" id="journal_inherit_account_move_tree">
            <field name="name">journal.inherit.account.move.tree</field>
            <field name="model">account.move</field>
            <field name="inherit_id" ref="account.view_account_move_tree"/>
            <field name="arch" type="xml">
				<field name="period_id" position='attributes'>
					<attribute name="invisible">True</attribute>
				</field>
				<field name="date" position='after'>
					<field name="bank_date"/>
				</field>
				</field>
	  </record>
	  <record model="ir.ui.view" id="journal_inherit_account_move_treezz">
            <field name="name">journal.inherit.account.move.treezz</field>
            <field name="model">account.move</field>
            <field name="inherit_id" ref="account.view_move_tree"/>
            <field name="arch" type="xml">
				<field name="period_id" position='attributes'>
					<attribute name="invisible">True</attribute>
				</field>
				<field name="date" position='after'>
					<field name="bank_date"/>
				</field>
				<xpath expr="//field[@name='to_check']" position='attributes'>
					<attribute name="string">To Approve</attribute>
				</xpath>					
				</field>
	  </record>
	  <record model="ir.ui.view" id="invoice_inherit_account_move_liness">
            <field name="name">invoice.inherit.account.move.line</field>
            <field name="model">account.move</field>
            <field name="inherit_id" ref="account.view_move_form"/>
            <field name="arch" type="xml">
<!--
				<xpath expr="//button[@name='button_validate']" postion="attributes">
					<attribute name="invisible">True</attribute>
				</xpath>
-->
				<xpath expr="//button[@name='button_validate']" position="replace">
				    <button name="button_approve" states="draft" string="To Approve" type="object" class="oe_highlight" groups="account.group_account_invoice"/>
                    <button name="button_validate" states="approve" string="Post" type="object" class="oe_highlight" groups="account.group_account_invoice"/>
                </xpath>
                <xpath expr="//button[@name='button_cancel']" position="replace">
                    <button name="button_cancel" states="posted" string="Cancel Entry" type="object" groups="account.group_account_invoice"/>
				</xpath>

				<xpath expr="/form/notebook/page[@string='Journal Items']/field/tree//field[@name='name']" position='before'>
					<field name="bill_no" string="Bill No"/>
				</xpath>
				<xpath expr="/form/notebook/page[@string='Journal Items']/field/tree//field[@name='name']" position='attributes'>
					<attribute name="string">Description</attribute>
				</xpath>

				<xpath expr="//field[@name='to_check']" position='attributes'>
					<attribute name="string">To Approve</attribute>
				</xpath>	
				<xpath expr="/form/group/group//field[@name='period_id']" position='after'>
					<field name="paid_to"/>
					<field name="vendor_code"/>
				</xpath>	
				<field name="state" position="replace">
					<field name="state" widget="statusbar"/>
				</field>			
				<field name="ref" position="replace">
					<field name="ref"/>
				</field>			
				<field name="amount" position="replace">
					<field name="amount" invisible="1"/>
				</field>			
				<field name="partner_id" position="replace">
					<field name="partner_id" invisible="1"/>
				</field>			
				<field name="to_check" position="after">
					<field name="bank_date" attrs="{'invisible':[('state','=','draft')]}"/>
				</field>			
        <xpath expr="//notebook" position="after">
            <div class="oe_chatter">
                <field name="message_follower_ids" widget="mail_followers"/>
                <field name="message_ids" widget="mail_thread"/>
            </div>
        </xpath>				
	        </field>
	   </record>

	   
	   <record model="ir.ui.view" id="invoice_inherit_account_voucher">
            <field name="name">invoice.inherit.account.voucher</field>
            <field name="model">account.voucher</field>
            <field name="inherit_id" ref="account_voucher.view_vendor_receipt_form"/>
            <field name="arch" type="xml">
				<xpath expr="/form/sheet/group/group//field[@name='name']" position='attributes'>
					<attribute name="string">Customer Code</attribute>
				</xpath>
				
				<xpath expr="/form/sheet/group/group//field[@name='partner_id']" position='before'>
					<field name="vendor_code"/>
				</xpath>
				
				<xpath expr="/form/sheet/group/group//field[@name='reference']" position='attributes'>
					<attribute name="string">Cheque No</attribute>
				</xpath>			
				
	        </field>
	   </record>
	   
	   <record model="ir.ui.view" id="acc_journal_search_inh">
            <field name="name">account.move.line.serach.inherit</field>
            <field name="model">account.move.line</field>
            <field name="inherit_id" ref="account.view_move_line_tree"/>
            <field name="arch" type="xml">
				<field name="ref" position="replace">
					<field name="paid_to"/>
					<field name="ref"/>
				</field>				
				<field name="date" position="after">
					<field name="bank_date"/>
				</field>				
	        </field>
	   </record>
	   <record model="ir.ui.view" id="suppinvoice_inherit_account_voucher">
            <field name="name">suppinvoice.inherit.account.voucher</field>
            <field name="model">account.voucher</field>
            <field name="inherit_id" ref="account_voucher.view_vendor_payment_form"/>
            <field name="arch" type="xml">
				<xpath expr="/form/sheet/group/group//field[@name='reference']" position='attributes'>
					<attribute name="string">Cheque No</attribute>
				</xpath>				
	        </field>
	   </record>
	   <record model="ir.ui.view" id="accvou_inherit_account_voucher">
            <field name="name">accvou.inherit.account.voucher</field>
            <field name="model">account.voucher</field>
            <field name="inherit_id" ref="account_voucher.view_voucher_form"/>
            <field name="arch" type="xml">
				<xpath expr="//field[@name='reference']" position='attributes'>
					<attribute name="string">Cheque No</attribute>
				</xpath>				
	        </field>
	   </record>
	   <record model="ir.ui.view" id="acctree_inherit_account_voucher">
            <field name="name">acctree.inherit.account.voucher</field>
            <field name="model">account.voucher</field>
            <field name="inherit_id" ref="account_voucher.view_voucher_tree"/>
            <field name="arch" type="xml">
				<xpath expr="//field[@name='reference']" position='attributes'>
					<attribute name="string">Cheque No</attribute>
				</xpath>				
	        </field>
	   </record>
	   <record model="ir.ui.view" id="acctreezz_inherit_account_voucher">
            <field name="name">acctreezz.inherit.account.voucher</field>
            <field name="model">account.voucher</field>
            <field name="inherit_id" ref="account_voucher.view_voucher_tree_nocreate"/>
            <field name="arch" type="xml">
				<xpath expr="//field[@name='reference']" position='attributes'>
					<attribute name="string">Cheque No</attribute>
				</xpath>				
	        </field>
	   </record>
	   
	   <record model="ir.ui.menu" id="account.menu_action_invoice_tree3">
		  <field name="name">Credit Note</field>
		</record>
		
		<record model="ir.ui.menu" id="account.menu_action_invoice_tree4">
		  <field name="name">Debit Note</field>
		</record>
		
		<record model="ir.ui.menu" id="account_voucher.menu_action_vendor_payment">
		  <field name="name">Supplier Payments</field>
		</record>
		
		<record model="ir.ui.menu" id="account_voucher.menu_action_vendor_receipt">
		  <field name="name">Customer Reciept</field>
		</record>

  </data>          
</openerp>
