<?xml version="1.0" encoding="utf-8"?>
<openerp>
    <data>
        <record id="view_sales_order_unordered_line_filter" model="ir.ui.view">
            <field name="name">sale.order.unordered.line</field>
            <field name="model">sale.order.line</field>
            <field name="arch" type="xml">
                <search string="Search Uninvoiced Lines">
                    <filter icon="terp-gtk-go-back-rtl" string="To Do" domain="[('state','=','confirmed')]" name="sale order" help="Confirmed sales order lines, not yet delivered"/>
                    <filter icon="terp-dialog-close" string="Done" domain="[('state','=','done')]" name="sale_order_done" help="Sales order lines done"/>
                    <filter icon="terp-accessories-archiver" string="Shipped" domain="[('state','=','done')]" name="unshipped" help="Sales Order Lines that are in 'done' state"/>
                    <separator/>
                    <filter icon="terp-dolar_ok!" string="Unordered" name="unordered" domain="[('ordered','=', False)]" help="Sales Order Lines that are confirmed, done or in exception state and haven't yet been invoiced"/>
                    <separator/>
                    <filter string="My Sales Order Lines" icon="terp-personal" domain="[('salesman_id','=',uid)]" help="My Sales Order Lines"/>
                    <field name="order_id"/>
                    <field name="order_partner_id" operator="child_of"/>
                    <field name="product_id"/>
                    <field name="salesman_id"/>
                    <group expand="0" string="Group By">
                        <filter string="Order" icon="terp-gtk-jump-to-rtl" domain="[]" context="{'group_by':'order_id'}" help="Order reference"/>
                        <filter string="Product" icon="terp-accessories-archiver" domain="[]" context="{'group_by':'product_id'}"/>
                        <filter string="Status" icon="terp-stock_effects-object-colorize" domain="[]" context="{'group_by':'state'}"/>
                    </group>
                </search>
            </field>
        </record>

        <record id="action_order_line_tree22222" model="ir.actions.act_window">
            <field name="name">Order Lines to Invoice</field>
            <field name="type">ir.actions.act_window</field>
            <field name="res_model">sale.order.line</field>
            <field name="view_type">form</field>
            <field name="view_mode">tree,form</field>
            <field name="search_view_id" ref="view_sales_order_unordered_line_filter"/>
            <field name="context">{"search_default_unordered":1}</field>
            <field name="filter" eval="True"/>
            <field name="help" type="html">
              <p>
                Here is a list of each sales order line to be invoiced. You can
                invoice sales orders partially, by lines of sales order. You do
                not need this list if you invoice from the delivery orders or
                if you invoice sales totally.
              </p>
            </field>
        </record>
    </data>
</openerp>
