<?xml version="1.0" encoding="utf-8"?>
<openerp>
<data>
<record id="view_purchase_order_inherit_user" model="ir.ui.view">
            <field name="name">view.purchase.order.inherit</field>
            <field name="model">purchase.order</field>
            <field name="inherit_id" ref="purchase.purchase_order_form"/>
            <field name="arch" type="xml">
				<field name="partner_ref" position="after">
					<field name="user_id"/>
				</field>
			</field>
          </record>
    </data>
</openerp>
