<?xml version="1.0" encoding="utf-8"?>
<openerp>
    <data noupdate="1">
        <record id="seq_type_hr_loan" model="ir.sequence.type">
            <field name="name">Loans</field>
            <field name="code">hr.loan</field>
        </record>
        <record id="seq_hr_loan" model="ir.sequence">
            <field name="name">Loans Sequence</field>
            <field name="code">hr.loan</field>
            <field name="prefix">LON/%(year)s/</field>
            <field name="padding">4</field>
        </record>
    </data>
</openerp>

