<?xml version="1.0" encoding="UTF-8"?>
<openerp>
    <data>
        <!-- Supplier Payment -->
	   <record model="ir.ui.view" id="fnet_inheritsssssssss_account_voucher">
            <field name="name">fnet.inherit.account.voucher</field>
            <field name="model">account.voucher</field>
            <field name="inherit_id" ref="account_voucher.view_vendor_payment_form"/>        
             <field name="arch" type="xml">	
				 <field name='move_line_id' position='after'>
						<field name="invoice_no" readonly="1"/>
						<field name="inv_pay_ref" readonly="1"/>   
				 </field>
            </field>
        </record>
    </data>
</openerp>        
        
