<?xml version='1.0' encoding='UTF-8' ?>
<openerp>
    <data>
        <record id="act_hr_employee_holiday_allocation" model="ir.actions.act_window">
            <field name="name">Leaves Allocation</field>
            <field name="type">ir.actions.act_window</field>
            <field name="res_model">hr.holidays</field>
            <field name="src_model">hr.employee</field>
            <field name="view_type">form</field>
            <field name="view_mode">tree,form</field>
            <field name="context">{'search_default_employee_id': [active_id], 'default_employee_id': active_id}</field>
            <field name="domain">[('type','=','add')]</field>
            <field name="view_id" eval="hr_holidays.view_holiday"/>
        </record>
</data>
</openerp>
