<?xml version="1.0" encoding="utf-8"?>
<openerp>
<data>
	    <record id="rule_fnet_hr" model="ir.rule">
            <field name="name">Employee belongs to User</field>
            <field name="model_id" ref="resource.model_resource_resource"/>
            <field name="groups" eval="[(4, ref('base.group_user'))]"/>
            <field name="global" eval="True"/>
            <field name="domain_force">[('user_id','=',user.id)]</field>
       </record>
 
 	    <record id="rule_fnet_hr_officer" model="ir.rule">
            <field name="name">Employee belongs to OFFICERcer</field>
            <field name="model_id" ref="resource.model_resource_resource"/>
            <field name="groups" eval="[(4, ref('base.group_hr_user'))]"/>
            <field name="global" eval="True"/>
            <field name="domain_force">[(1,'=',1)]</field>
       </record>
       
             
<!--
        <record id="rrule_fnet_hr_employee" model="ir.rule">
            <field name="name">Employee Request</field>
            <field name="model_id" ref="model_hr_employee"/>
            <field name="domain_force">[('employee_id.user_id','=',user.id)]</field>
            <field name="groups" eval="[(4,ref('base.group_user'))]"/>
        </record>
        <record id="rule_fnet_hr_officerss" model="ir.rule">
            <field name="name">Employee Officer</field>
            <field name="model_id" ref="model_hr_employee"/>
            <field name="domain_force">[(1,'=',1)]</field>
            <field name="groups" eval="[(4,ref('base.group_hr_user'))]"/>
        </record>       
-->
</data>
</openerp>

