<?xml version="1.0" encoding="utf-8"?>
<openerp>
  
<data noupdate="0">
    <!-- Multi - Company Rules -->
<!--
	<record id="group_employee_access" model="res.groups">
        <field name="name">Employee Access</field>
        <field name="category_id" ref="base.module_category_human_resources"/>
        <field name="implied_ids" eval="[(4, ref('base.group_user'))]"/>
        <field name="menu_access" eval="[(4,ref('hr_payroll.menu_hr_payroll_root'))]"/>
    </record>
-->
<!--
        Contract
-->
        <record model="ir.rule" id="employee_view_rule_managerss">
            <field name="name">Manager Contract View rule</field>
            <field name="model_id" ref="hr_contract.model_hr_contract"/>
            <field name="groups" eval="[(4, ref('base.group_hr_manager'))]" />
            <field name="domain_force">[('employee_id.company_id', '=', user.company_id.id)]</field>
        </record> 
<!--
Payslip
-->
        <record model="ir.rule" id="employee_view_payslip_managerss">
            <field name="name">Payslip View rule</field>
            <field name="model_id" ref="hr_payroll.model_hr_payslip"/>
            <field name="groups" eval="[(4, ref('base.group_hr_manager'))]" />
            <field name="domain_force">[('employee_id.company_id', '=', user.company_id.id)]</field>
        </record> 
<!--
   Payslip Batch     
-->
       <record model="ir.rule" id="employee_view_payslip_batch_managerss">
            <field name="name">Payslip Batch View rule</field>
            <field name="model_id" ref="hr_payroll.model_hr_payslip_run"/>
            <field name="groups" eval="[(4, ref('base.group_hr_manager'))]" />
            <field name="global" eval="True"/>
            <field name="domain_force">['|',('slip_ids.company_id', '=', False),('slip_ids.company_id', 'child_of', [user.company_id.id])]</field>
        </record>
   

</data>
</openerp>
