<?xml version="1.0" encoding="utf-8"?>
<openerp>
  
<data noupdate="1">
    <!-- Multi - Company Rules -->

    <record model="ir.rule" id="account_date_cheque_rule">
        <field name="name">Account Cheque multi-company</field>
        <field name="model_id" ref="model_account_date_cheque"/>
        <field name="global" eval="True"/>
        <field name="domain_force">['|',('company_id','=',False),('company_id','child_of',[user.company_id.id])]</field>
    </record>

    <record model="ir.rule" id="supplier_date_cheque_rule">
        <field name="name">supplier Cheque multi-company</field>
        <field name="model_id" ref="model_supplier_date_cheque"/>
        <field name="global" eval="True"/>
        <field name="domain_force">['|',('company_id','=',False),('company_id','child_of',[user.company_id.id])]</field>
    </record>

    <record model="ir.rule" id="delivery_method_rule">
        <field name="name">Delivery Method multi-company</field>
        <field name="model_id" ref="model_delivery_method"/>
        <field name="global" eval="True"/>
        <field name="domain_force">['|',('company_id','=',False),('company_id','child_of',[user.company_id.id])]</field>
    </record>

   

  

   

</data>
</openerp>
