<openerp>
<data>
<record id="view_purchase_order_inheritss" model="ir.ui.view">
            <field name="name">view.purchase.order.inheritss</field>
            <field name="model">purchase.order</field>   
            <field name="inherit_id" ref="purchase.purchase_order_form"/>
            <field name="arch" type="xml">
				<xpath expr="//form/sheet/notebook/page[@string='Terms and Condition']" position="replace">
					<page string="Notes &amp; Remarks">
                        <field name="note_document"/>
                    </page>
            </xpath>
            
            <xpath expr="//form/sheet/notebook/page[@string='Subject']" position="replace">
					<page string="Documents Required">
                        <field name="subject"/>
                    </page>
            </xpath>
 </field> 
</record>

</data>
</openerp>

