<?xml version="1.0" encoding="utf-8"?>
<openerp>
  <data> 
      
  <record model="ir.ui.view" id="view_product_template_form_inherit_discount">
           <field name="name">view.product.template.form.inherit</field>
            <field name="model">product.template</field>
            <field name="inherit_id" ref="product.product_template_only_form_view"/>
             <field name="arch" type="xml">                                
               <xpath expr="//page[@string='Accounting']" position="after">
				  <page name="Discount Line" string="Discount Line">
					   <field name="discount_line">
                        <tree editable="bottom" string="Discount">
                            <field name="name"  domain="[('active','=',True)]"/>
                            <field name="value"/>
                        </tree>
                        </field>
				  </page>
			</xpath>
             </field>
        </record>
        
<!--
        fnet_aea_crm.menu_post_date_cheque
-->
        <record id="view_discount_category_form" model="ir.ui.view">
            <field name="name">view.discount.form</field>
            <field name="model">disc.name</field>
            <field name="arch" type="xml">
                <form string="Discount Master">
					
                        <group>
                            <group col="4">
                                <field name="name"/>
                                <field name="code"/>
                                <field name="active"/>
                                <field name="company_id" invisible="1"/>
                            </group>
                        </group>
                        
                 </form>
           </field>
       </record>
       
       <record id="view_discount_category_tree" model="ir.ui.view">
            <field name="name">view.discount.tree</field>
            <field name="model">disc.name</field>
            <field name="arch" type="xml">
                <tree string="Discount Master">
                    <field name="name" />
                    <field name="code"/>
                 </tree>
           </field>
       </record>
       
       
        <record id="action_discount_category" model="ir.actions.act_window">
            <field name="name">Discount Master</field>
            <field name="res_model">disc.name</field>
            <field name="view_type">form</field>
            <field name="view_mode">tree,form</field>
            <field name="context">{}</field>
            <field name="help" type="html">
                <p class="oe_view_nocontent_create">
                    Click here to define a Discount Master.
                </p><p>
                    Create Discount Master
                </p>
            </field>
        </record>

     <menuitem action="action_discount_category"
               id="menu_discount_category"
               name="Discount Category"
               parent="fnet_aea_crm.menu_apex_master"
               groups="account.group_account_manager"/>
  </data>          
</openerp>        
<!--
    <record id="view_product_product_inh_discount" model="ir.ui.view">
            <field name="name">view.product.product.inh</field>
            <field name="model">product.product</field>
            <field name="inherit_id" ref="product.product_normal_form_view"/>
            <field name="arch" type="xml">
                
                <field name="lst_price" position="before">
                    <field name="discount_line"/>
                </field>
               
            </field>
    </record>
-->
    

    
        
      



