<openerp>
	<data>
		<record model="ir.ui.view" id="sale_order_view_inherit">
			<field name="name">sale.order.view.inherit1</field>
			<field name="model">sale.order</field>
			<field name="inherit_id" ref="sale.view_order_form"/>
			<field name="arch" type="xml">
				<xpath expr="/form/sheet/notebook/page/field[@name='order_line']/tree/field[@name='price_unit']" position="after">
					<field name="discounts"/>
				</xpath>
				<xpath expr="/form/sheet/notebook/page/field[@name='order_line']/tree/field[@name='tax_id']" position="before">
					<field name="disc_price_unit"/>
					<field name="gross_amount"/>
					<field name="product_discount" />					
				</xpath>
				
			</field>
		</record>
		<record model="ir.ui.view" id="sale_order_linesss_inherit">
			<field name="name">sale.order.linesss.inherit1</field>
			<field name="model">sale.order.line</field>
			<field name="inherit_id" ref="sale.view_order_line_tree"/>
			<field name="arch" type="xml">
				<xpath expr="field[@name='salesman_id']" position="after">
					<field name="disc_price_unit"/>
					<field name="gross_amount"/>
					<field name="product_discount" />					
				</xpath>				
			</field>
		</record>
	    <record model="ir.ui.view" id="sale_order_linesss_forms">
			<field name="name">sale.order.linesss.form</field>
			<field name="model">sale.order.line</field>
			<field name="inherit_id" ref="sale.view_order_line_form2"/>
			<field name="arch" type="xml">
				<xpath expr="//field[@name='price_unit']" position="after">
					<field name="disc_price_unit"/>
					<field name="gross_amount"/>
					<field name="product_discount" />					
				</xpath>				
			</field>
		</record>
	</data>
</openerp>
