<?xml version="1.0" encoding="utf-8"?>
<openerp>
<data>
    <record id="view_account_invoicetax_report_graph" model="ir.ui.view">
         <field name="name">account.invoicetax.report.graph</field>
         <field name="model">account.invoicetax.report</field>
         <field name="arch" type="xml">
             <graph string="Invoices Analysis With Tax" type="pivot">
                 <field name="categ_id" type="row"/>
                 <field name="period_id" type="col"/>
                 
                  <field name="unit_price" type="measure"/>
                  <field name="discounts" type="measure"/>
                  <field name="disc_price_unit" type="measure"/>
                  <field name="gross_amount" type="measure"/>
                  <field name="product_discount" type="measure"/>                 
                  
                 <field name="price_total" type="measure"/>
                 <field name="cgst" type="measure"/>
                 <field name="sgst" type="measure"/>
                 <field name="igst" type="measure"/>
                 <field name="vat" type="measure"/>
                 <field name="tax" type="measure"/>
                 <field name="dis_total" type="measure"/>
             </graph>
         </field>
    </record>

    <!-- Custom reports (aka filters) -->
    <record id="filter_invoicetax_salespersons" model="ir.filters">
        <field name="name">By Salespersons</field>
        <field name="model_id">account.invoicetax.report</field>
        <field name="domain">[]</field>
        <field name="user_id" eval="False"/>
        <field name="context">{'group_by': ['date:month', 'user_id']}</field>
    </record>
    <record id="filter_invoicetax_product" model="ir.filters">
        <field name="name">By Product</field>
        <field name="model_id">account.invoicetax.report</field>
        <field name="domain">[]</field>
        <field name="user_id" eval="False"/>
        <field name="context">{'group_by': ['date:month', 'product_id'], 'set_visible':True, 'residual_invisible':True}</field>
    </record>
    <record id="filter_invoicetax_product_category" model="ir.filters">
        <field name="name">By Product Category</field>
        <field name="model_id">account.invoicetax.report</field>
        <field name="domain">[]</field>
        <field name="user_id" eval="False"/>
        <field name="context">{'group_by': ['date:month', 'categ_id'], 'residual_invisible':True}</field>
    </record>
    <record id="filter_invoicetax_refund" model="ir.filters">
        <field name="name">By Refund</field>
        <field name="model_id">account.invoicetax.report</field>
        <field name="domain">[('type', '=', 'out_refund')]</field>
        <field name="user_id" eval="False"/>
        <field name="context">{'group_by': ['date:month', 'user_id']}</field>
    </record>
    <record id="filter_invoicetax_country" model="ir.filters">
        <field name="name">By Country</field>
        <field name="model_id">account.invoicetax.report</field>
        <field name="domain">[]</field>
        <field name="user_id" eval="False"/>
        <field name="context">{'group_by': ['date:month', 'country_id']}</field>
    </record>

    <record id="view_account_invoicetax_report_search" model="ir.ui.view">
        <field name="name">account.invoicetax.report.search</field>
        <field name="model">account.invoicetax.report</field>
        <field name="arch" type="xml">
            <search string="Invoices Analysis With Tax">
                <field name="date"/>
                <filter string="This Year" name="thisyear" domain="['|', ('date', '=', False), '&amp;',('date','&lt;=', time.strftime('%%Y-12-31')),('date','&gt;=',time.strftime('%%Y-01-01'))]" help="Journal invoices with period in current year"/>
                <filter string="Prev Year" name="prev_month"  domain="['&amp;',('date','&lt;=',(context_today()-relativedelta(years=1)).strftime('%%Y-12-01')),('date','&lt;',time.strftime('%%Y-01-01'))]"/>
                <separator/>
                <field name="months"/>
                <filter string="First Quater" name="firstquater" domain="[('months','in',(4,5,6))]" help="Contains April To June Month"/>
                <filter string="Second Quater" name="secondquater" domain="[('months','in',(7,8,9))]" help="Contains July To September Month"/>
                <filter string="Third Quater" name="thirdquater" domain="[('months','in',(10,11,12))]" help="Contains October To December Month"/>
                <filter string="Fourth Quater" name="fourthquater" domain="[('months','in',(1,2,3))]" help="Contains January To March Month"/>
                <separator/>                
                <filter string="To Invoice" domain="[('state','=','draft')]" help = "Draft Invoices"/>
                <filter string="Pro-forma" domain="['|', ('state','=','proforma'),('state','=','proforma2')]"/>
                <filter string="Invoiced" name="current" domain="[('state','not in', ('draft','cancel','proforma','proforma2'))]"/>
                <separator/>
                <filter string="Customer" name="customer" domain="['|', ('type','=','out_invoice'),('type','=','out_refund')]"/>
                <filter string="Supplier" domain="['|', ('type','=','in_invoice'),('type','=','in_refund')]"/>
                <separator/>
                <filter string="Invoice" domain="['|', ('type','=','out_invoice'),('type','=','in_invoice')]"/>
                <filter string="Refund" domain="['|', ('type','=','out_refund'),('type','=','in_refund')]"/>
                <field name="partner_id" operator="child_of"/>
                <field name="user_id" />
                <field name="section_id" />
                <field name="categ_id" filter_domain="[('categ_id', 'child_of', self)]"/>
                <group expand="1" string="Group By">
                    <filter string="Partner" name="partner_id" context="{'group_by':'partner_id','residual_visible':True}"/>
                    <filter string="Salesperson" name='user' context="{'group_by':'user_id'}"/>
                    <filter string="Sales Team" domain="[]"
						context="{'group_by':'section_id'}" groups="base.group_multi_salesteams" />
                    <filter string="Category of Product" name="category_product" context="{'group_by':'categ_id','residual_invisible':True}"/>
                    <filter string="Status" context="{'group_by':'state'}"/>
                    <filter string="Company" context="{'group_by':'company_id'}" groups="base.group_multi_company"/>
                    <separator orientation="vertical" />
                    <filter string="Period" context="{'group_by':'period_id'}"/>
                    <filter string="Due Month" context="{'group_by':'date_due:month'}"/>
                    <separator orientation="vertical" />
                    	                <filter string="Territory" domain="[]"
						context="{'group_by':'district_id'}" />
<!--
                    <filter string="Month" domain="['|','|',('months','=','4'),('months','=','5'),('months','=','6'))]" context="{'group_by':'date_invoice:month'}"/>
-->
                </group>
            </search>
        </field>
    </record>

    <record id="action_account_invoicetax_report_all" model="ir.actions.act_window">
        <field name="name">Invoices Analysis With Tax</field>
        <field name="res_model">account.invoicetax.report</field>
        <field name="view_type">form</field>
        <field name="view_mode">graph</field>
        <field name="context">{'search_default_current':1, 'search_default_customer':1, 'group_by':[], 'group_by_no_leaf':1, 'search_default_year': 1}</field>
        <field name="search_view_id" ref="view_account_invoicetax_report_search"/>
        <field name="help">From this report, you can have an overview of the amount invoiced to your customer. The tool search can also be used to personalise your Invoices reports and so, match this analysis to your needs.</field>

    </record>

    <menuitem action="action_account_invoicetax_report_all" id="menu_action_account_invoicetax_report_all" parent="account.menu_finance_reporting" sequence="10"/>

    <act_window
        id="act_account_invoicetax_partner_relation"
        name="Monthly Turnover"
        groups="account.group_account_manager"
        context="{'search_default_partner_id':[active_id], 'search_default_month':1,'search_default_user':1,'group_by_no_leaf':1,'group_by':[]}"
        res_model="account.invoicetax.report"
        src_model="res.partner"
        view_mode="graph"/>

</data>
</openerp>
