<?xml version="1.0" encoding="utf-8"?>
<openerp>
    <data>
         <record id="opportunity_rdq_smartbutton" model="ir.ui.view">
                <field name="name">opportunity_rfq_smartbuton</field>
                <field name="model">crm.lead</field>
                <field name="inherit_id" ref="crm.crm_case_form_view_oppor"/>
                <field name="arch" type="xml">
                    <xpath expr="//div[@class='oe_right oe_button_box']" position="inside">
                        <button name="open_tender" class="oe_stat_button" type="object" icon="fa-list-alt" attrs="{'invisible': [('tender_counter','=',0)]}">
                            <div class="o_stat_info">
                                <field name="tender_counter" class="o_stat_value"/><br/>
                                <span class="o_stat_text" style="text-align:center;!important">RFQ</span>
                            </div>
                        </button>
                       <button name="open_sale_quote" class="oe_stat_button" type="object" icon="fa-pencil-square-o" attrs="{'invisible': [('quote_counter','=',0)]}">
                            <div class="o_stat_info">
                                <field name="quote_counter" class="o_stat_value"/><br/>
                                <span class="o_stat_text" style="text-align:center;!important">Sale Quote(s)</span>
                            </div>
                        </button>
                    </xpath>                    
                </field>
         </record>
		<record id="view_purchase_requisition_form_smartbutton" model="ir.ui.view">
		<field name="name">purchase.requisition.smartbutton</field>
		<field name="model">purchase.requisition</field>
		<field name="inherit_id" ref="purchase_requisition.view_purchase_requisition_form"/>
		<field name="arch" type="xml">              
				<xpath expr="//div[@class='oe_right oe_button_box']" position="inside">
					<button name="open_enquiry" class="oe_stat_button" type="object" icon="fa-list-alt" attrs="{'invisible': [('enquiry_count','=',0)]}">
						<div class="o_stat_info">
							<field name="enquiry_count" class="o_stat_value"/><br/>
							<span class="o_stat_text" style="text-align:center;!important">Enquiry</span>
						</div>
					</button>
				   <button name="open_quotation" class="oe_stat_button" type="object" icon="fa-pencil-square-o" attrs="{'invisible': [('quote_count','=',0)]}">
						<div class="o_stat_info">
							<field name="quote_count" class="o_stat_value"/><br/>
							<span class="o_stat_text" style="text-align:center;!important">Sale Quote(s)</span>
						</div>
					</button>
				</xpath>                    
                </field>
         </record>                
                                        
    </data>
</openerp>
