<?xml version="1.0" encoding="utf-8"?>
<openerp>
<data noupdate="0">
    <record id="group_discount_global" model="res.groups">
        <field name="name">Discount on Sale Order</field>
        <field name="category_id" ref="base.module_category_hidden"/>
    </record>
    <record model="ir.rule" id="disc_name_multicompany">
            <field name="name">Discount MasterCompany rule</field>
            <field name="model_id" ref="fnet_discount.model_disc_name"/>
            <field name="global" eval="True"/>
            <field name="domain_force">['|',('company_id','=',False),('company_id','child_of',[user.company_id.id])]</field>
        </record> 
</data>
</openerp>
