<?xml version="1.0" encoding="utf-8"?>
<openerp>
  <data> 
      
<record id="inherit_category_res_partner" model="ir.ui.view">
    <field name="name">inherit.res.partner.form.view</field>
    <field name="model">res.partner</field>
    <field name="inherit_id" ref=" fnet_aea_crm.view_partner_form_inh"/>
    <field name="arch" type="xml">
       <xpath expr="/form/sheet/notebook/page[@string='Sales &amp; Purchases']" position='inside'>
            <group>
                <field name="category_discount"/>
            </group>
        </xpath>
    </field>
    </record>
  </data>          
</openerp>  
