<?xml version="1.0" encoding="utf-8"?>
<openerp>
  <data> 
      
  <record model="ir.ui.view" id="view_product_template_form_inherit_discount">
           <field name="name">view.product.template.form.inherit</field>
            <field name="model">product.template</field>
            <field name="inherit_id" ref="product.product_template_only_form_view"/>
             <field name="arch" type="xml">                                
               <xpath expr="//page[@string='Accounting']" position="after">
				  <page name="Discount Line" string="Discount Line">
					   <field name="discount_line">
                        <tree editable="bottom" string="Discount">
                            <field name="name"/>
                            <field name="value"/>
                        </tree>
                        </field>
				  </page>
			</xpath>
             </field>
        </record>
  </data>          
</openerp>        
<!--
    <record id="view_product_product_inh_discount" model="ir.ui.view">
            <field name="name">view.product.product.inh</field>
            <field name="model">product.product</field>
            <field name="inherit_id" ref="product.product_normal_form_view"/>
            <field name="arch" type="xml">
                
                <field name="lst_price" position="before">
                    <field name="discount_line"/>
                </field>
               
            </field>
    </record>
-->
    

    
        
      



