<?xml version="1.0" encoding="utf-8"?>
<openerp>
    <data>
        <record model="ir.ui.view" id="global_sale_discount_amount">
            <field name="name">sale.order.form</field>
            <field name="model">sale.order</field>
            <field name="inherit_id" ref="sale.view_order_form"/>
            <field name="arch" type="xml">
                <data>
                    <xpath expr="//field[@name='amount_tax']" position="after">
                        <field name="discounted_amount" widget="monetary" options="{'currency_field': 'currency_id'}"/>
                        <field name="disc_value" invisible="1"/>
                    </xpath>
                    <xpath expr="//field[@name='client_order_ref']" position="before">
                        <field name="cust_credit"/>
                    </xpath>    
                </data>
            </field>
        </record>
    </data>
</openerp>
