<?xml version="1.0" encoding="utf-8"?>
<openerp>
  <data> 
      
     <record id="view_delivery_method_form" model="ir.ui.view">
            <field name="name">view.delivery.method.form</field>
            <field name="model">delivery.method</field>
            <field name="arch" type="xml">
                <form string="Delivery Method">
                    <sheet>
                        <group>
                            <group>
								<field name="partner_id"/>
                                <field name="company_id" groups="base.group_multi_company"/>
                            </group>
                            <group>
								<field name="method_type"/>
                            </group>
                        </group>
                     </sheet>
                 </form>
           </field>
       </record>
       
    <record id="view_stock_picking_inh" model="ir.ui.view">
            <field name="name">view.stock.picking.inh</field>
            <field name="model">stock.return.picking</field>
            <field name="inherit_id" ref="stock.view_stock_return_picking_form"/>
            <field name="arch" type="xml">
                <xpath expr='//form/group/field[@name="product_return_moves"]' position="after">
                    <field name="actual_return" />
                </xpath>
                
            </field>
    </record>   
    
    <record id="view_stock_picking_inherit" model="ir.ui.view">
            <field name="name">view.stock.picking.inherit</field>
            <field name="model">stock.picking</field>
            <field name="inherit_id" ref="stock.view_picking_form"/>
            <field name="arch" type="xml">
                <xpath expr='//form/sheet/group/group/field[@name="partner_id"]' position="after">
                    <field name="actual_return" invisible="1"/>
                </xpath>
                
            </field>
    </record>    
       
      <record id="view_delivery_method_tree" model="ir.ui.view">
            <field name="name">view.delivery.method.tree</field>
            <field name="model">delivery.method</field>
            <field name="arch" type="xml">
                <tree string="Delivery Method">
					<field name="partner_id"/>
                    <field name="method_type"/>
                 </tree>
           </field>
       </record>
       
       <record id="view_delivery_method_search" model="ir.ui.view">
            <field name="name">view.delivery.method.search</field>
            <field name="model">delivery.method</field>
            <field name="arch" type="xml">
                <search string="Delivery Method">
                    <group expand="0" string="Group By">
                        <filter name ="partner_id" string="TPT Name" domain="[]" context="{'group_by':'partner_id'}"/>
                        <filter name ="method_type" string="Method" domain="[]" context="{'group_by':'method_type'}"/>
                    </group>
               </search>
            </field>
        </record>
      
        
       
       <record id="action_view_delivery_method" model="ir.actions.act_window">
            <field name="name">Delivery Method</field>
            <field name="res_model">delivery.method</field>
            <field name="view_type">form</field>
            <field name="view_mode">tree,form</field>
            <field name="context">{'search_default_partner_id':1,'search_default_method_type':1}</field>
            <field name="view_id" ref="view_delivery_method_search"/>
            <field name="help" type="html">
                <p class="oe_view_nocontent_create">
                    Click here to define a Delivery Method.
                </p><p>
                    Create Stockist Type
                </p>
            </field>
        </record> 
            
     <menuitem action="action_view_delivery_method"
               id="menu_delivery_method" 
               name="Delivery Method"
               groups="base.group_sale_manager"
               parent="account.menu_configuration_misc" 
               sequence="1"/>
    
    
  </data>          
</openerp>


