<?xml version="1.0" encoding="utf-8"?>
<openerp>
    <data>

        <record model="ir.ui.view" id="holiday_status_form_inherit">
            <field name="name">hr.holidays.status.form</field>
            <field name="model">hr.holidays.status</field>
            <field name="inherit_id" ref="hr_holidays.edit_holiday_status_form"/>            
            <field name="arch" type="xml">
            <field name="categ_id" position="before">
                <field name="code"/>    
            </field>    
            </field>
        </record>
        <record model="ir.ui.view" id="holiday_edit_holiday_new_inherit">
            <field name="name">hr.holidays.form</field>
            <field name="model">hr.holidays</field>
            <field name="inherit_id" ref="hr_holidays.edit_holiday_new"/>            
            <field name="arch" type="xml">
            <field name="department_id" position="before">
                <field name="buffer_days" attrs="{'invisible': [('type', '=', 'remove')]}"/> 
            </field>    
            </field>
        </record>       
        
<!--
not_mentioned_holidays        
-->
     <record id="not_mentioned_holidays_form_view" model="ir.ui.view">
            <field name="name">Not Mentioned Form View</field>
            <field name="model">not.mentioned.holidays</field>
            <field name="arch" type="xml">
                <form name="Not Mentioned Attendance">
                    <sheet>
                        <group>
                            <group>
                                <field name="employee_id"/>                                
                            </group>
                            <group>
                                <field name="date"/>
                            </group>
                        </group>
                    </sheet>
                </form>
            </field>
        </record>        
     <record id="hr_attendance_new_form_view" model="ir.ui.view">
            <field name="name">Hr Attendance Form View</field>
            <field name="model">hr.attendance.new</field>
            <field name="arch" type="xml">
                <form name="Hr Attendance">
                    <sheet>
                        <group>
                            <group>
                                <field name="employee_id" on_change="on_change_to_get_employee_no(employee_id)"/>
                                <field name="name"/>
                                <field name="emp_code"/>
                                <field name="user_id" invisible="1"/>
                                <field name="date"/>
                            </group>
                            <group>
                                <field name="sign_in" widget="float_time" />
                                <field name="sign_out" widget="float_time"/>
                                <field name="work_done_in_day"/>
                                <field name="remark"/>
                            </group>
                        </group>
                    </sheet>
                </form>
            </field>
        </record>

        <record id="hr_attendance_new_tree_view" model="ir.ui.view">
            <field name="name">Hr Attendance Tree View</field>
            <field name="model">hr.attendance.new</field>
            <field name="arch" type="xml">
                <tree string="Hr Attendance">
                    <field name="emp_code" string="Employee No"/>
                    <field name="date"/>
                    <field name="sign_in"/>
                    <field name="sign_out"/>
                    <field name="work_done_in_day"/>
                </tree>
            </field>
        </record>

        <record model="ir.ui.view" id="hr_attendance_new_filter">
            <field name="name">view_hr_attendance_new_filter</field>
            <field name="model">hr.attendance.new</field>
            <field name="arch" type="xml">
                <search string="Hr Attendance Search">
                    <field name="emp_code" string="Employee No"/>
                    <field name="sign_in" string="Sign In"/>
                    <field name="sign_out" string="Sign Out"/>
                    <field name="name" string="Department"/>
                    <field name="employee_id"/>
                    <filter string="Today" name="today" domain="[('date','&gt;=',current_date),('date','&lt;=',current_date)]" />
                    <filter string="Current Month" domain="[('date','&gt;=', datetime.datetime.now().strftime('%Y-%m-01'))]" />
                    <separator/>
                    <group expand="0" string="Group By">
                        <filter name="employee" string="Employee" context="{'group_by':'employee_id'}"/>
                        <separator/>
                        <filter name="groupby_name" string="Month" context="{'group_by':'date'}"/>
                    </group>
                </search>
            </field>
        </record>
<!--
        Calendar View
-->
		 <record model="ir.ui.view" id="hr_attendance_calendarsssssssss">
				<field name="name">Employee Calendar</field>
				<field name="model">hr.attendance.new</field>
				<field name="priority" eval="1"/>
				<field name="arch" type="xml">
					<calendar string="Leave Request" color="employee_id"
								  date_start="date"
								  quick_add="False" avatar_model="hr.attendance.new">					  
						<field name="employee_id"/>                                    
					   
					</calendar>
				</field>
		</record>
        <record id="hr_attendance_new_action" model="ir.actions.act_window">
            <field name="name">Attendance</field>
            <field name="res_model">hr.attendance.new</field>
            <field name="action">ir.actions.act_window</field>
            <field name="view_type">form</field>
            <field name="view_mode">tree,form,calendar</field>
            <field name="context">{"search_default_today":1}</field>
            <field name="view_id" ref="hr_attendance_new_filter"/>
            <field name="help" type="html">
                <p>The Time Tracking functionality aims to manage employee attendances from Sign in/Sign out actions. You can also link this feature to an attendance device using Odoo's web service features.</p>
            </field>
        </record>

        <menuitem name="Attendances"  id="menu_custom_attendance_new" parent="hr.menu_hr_root" sequence="10" />
        <menuitem name="Attendances" action="hr_attendance_new_action" id="menu_open_view_attendance_new" parent="menu_custom_attendance_new" sequence="20" />
    
    </data>
</openerp>
