<?xml version="1.0" encoding="utf-8"?>
<openerp>
    <data>
		
		<record id="enq_reminder_list_form" model="ir.ui.view">
            <field name="name">enquiry.remainder.form</field>
            <field name="model">enquiry.remainder</field>
            <field name="arch" type="xml">
                <form string="Enquiry Remainder Mail List">
					<sheet>
					    <group>
                            <group>
								<field name="remainder_receiver_mail" widget="many2many_tags"/>
							</group>
						 </group>
				     </sheet>
				 </form>
		   </field>
	   </record>
	   
		<record id="enq_reminder_list_tree" model="ir.ui.view">
            <field name="name">enquiry.remainder.tree</field>
            <field name="model">enquiry.remainder</field>
            <field name="arch" type="xml">
                <tree string="Enquiry Remainder">
					<field name="remainder_receiver_mail"/>
				 </tree>
		   </field>
	   </record>
	   
	   <record id="enq_reminder_list_action" model="ir.actions.act_window">
            <field name="name">Purchase Costing</field>
            <field name="res_model">enquiry.remainder</field>
            <field name="view_type">form</field>
            <field name="view_mode">tree,form</field>
            <field name="context">{}</field>
            <field name="view_id" ref="enq_reminder_list_tree"/>
            <field name="help" type="html">
                <p class="oe_view_nocontent_create">
                            Enquiry Reminder
                </p><p>
                    Create Costing
                </p>
            </field>
        </record> 
    
     
     <menuitem action="enq_reminder_list_action" 
               id="menu_enq_reminder_list_action"
	           parent="base.menu_crm_config_lead" 
	           name="Enquiry Reminder"
	           sequence="150"/>

    </data>
</openerp>
