<?xml version="1.0" encoding="utf-8"?>
<openerp>
  <data noupdate="0">        
         <record model="ir.cron" id="ir_cron_enquirys_reminder">
            <field name="name">Enquiry Remainder</field>
            <field name="user_id" ref="base.user_root"/>
            <field name="interval_number">1</field>
            <field name="interval_type">days</field>
            <field name="numbercall">-1</field>
            <field name="doall" eval="False"/>
            <field name="model" eval="'crm.lead'"/>
            <field name="function" eval="'remind_send_mail'"/>            
        </record>
         <record model="ir.cron" id="ir_cron_enquirys_reminder_tomarrow">
            <field name="name">Tomarrow Enquiry Remainder</field>
            <field name="user_id" ref="base.user_root"/>
            <field name="interval_number">1</field>
            <field name="interval_type">days</field>
            <field name="numbercall">-1</field>
            <field name="doall" eval="False"/>
            <field name="model" eval="'crm.lead'"/>
            <field name="function" eval="'remind_tomarrow_mail'"/>            
        </record>
  
  </data>
</openerp>
