<?xml version="1.0" encoding="utf-8"?>
<openerp>
    <data noupdate="1">
        <record id="product_product_commission" model="product.product">
            <field name="name">Sales Commission</field>
            <field name="product_main_code">COMM</field>
            <field name="categ_id" ref="product.product_category_all"/>
            <field name="type">service</field>
            <field name="uom_id" ref="product.product_uom_unit"/>
            <field name="uom_po_id" ref="product.product_uom_unit"/>
        </record>    
	</data>
</openerp>
