<?xml version="1.0" encoding="utf-8"?>
<openerp>
    <data>
        <record model="ir.ui.view" id="invoice_sale_discount_invoicesssss">
            <field name="name">account.invoice.form</field>
            <field name="model">account.invoice</field>
            <field name="inherit_id" ref="account.invoice_form"/>
            <field name="arch" type="xml">
                <data>
                   <xpath expr="/form/sheet/notebook/page/field[@name='invoice_line']/tree/field[@name='price_unit']" position="after">
                    <field name="discounts"/>
                    <field name="disc_price_unit"/>
                    <field name="gross_amount" />
                    <field name="product_discount"/>
                    </xpath>
                </data>
            </field>
        </record>
    </data>
</openerp>
